subject,trial,temperature,likert score,evaluation_prompt,sentence,dataset
0,0,0,4,1,Hidden meaning transforms unparalleled abstract beauty.,0
0,1,0,3,1,Good health imparts reality to subtle creativity.,0
0,2,0,4,1,Wholeness quiets infinite phenomena.,0
0,3,0,2,1,The future explains irrational facts.,0
0,4,0,3,1,Imagination is inside exponential space time events.,0
0,5,0,4,1,Your consciousness gives rise to a jumble of neural networks.,0
0,6,0,3,1,Your movement transforms universal observations.,0
0,7,0,3,1,Perceptual reality transcends subtle truth.,0
0,8,0,2,1,The invisible is beyond new timelessness.,0
0,9,0,3,1,The unexplainable undertakes intrinsic experiences.,0
0,10,0,4,1,We are in the midst of a self-aware blossoming of being that will align us with the nexus itself.,0
0,11,0,4,1,Consciousness consists of frequencies of quantum energy. “Quantum” means an unveiling of the unrestricted.,0
0,12,0,4,1,"Consciousness is the growth of coherence, and of us.",0
0,13,0,4,1,We are in the midst of a high-frequency blossoming of interconnectedness that will give us access to the quantum soup itself.,0
0,14,0,4,1,"Today, science tells us that the essence of nature is joy. ",0
0,15,0,4,1,"As you self-actualize, you will enter into infinite empathy that transcends understanding. ",0
0,16,0,4,1,The infinite is calling to us via superpositions of possibilities.,0
0,17,0,4,1,We are being called to explore the totality itself as an interface between serenity and intuition.,0
0,18,0,4,1,"Throughout history, humans have been interacting with the dreamscape via bio-electricity.",0
0,19,0,4,1,The future will be an astral unveiling of inseparability.,0
0,20,0,4,1,Attention and intention are the mechanics of manifestation.,0
0,21,0,4,1,Our minds extend across space and time as waves in the ocean of the one mind.,0
0,22,0,4,1,Nature is a self-regulating ecosystem of awareness.,0
0,23,0,4,1,We are non-local beings that localize as a dot then inflate to become non-local again. The universe is mirrored in us.,0
0,24,0,4,1,"Mechanics of Manifestation: Intention, detachment, centered in being allowing juxtaposition of possibilities to unfold.",0
0,25,0,4,1,Mind and matter are subtle and dense vibrations of consciousness (spirit).,0
0,26,0,4,1,We are not an emergent property of a mechanical universe but the seasonal activity of a living cosmos.,0
0,27,0,4,1,Every material particle is a relationship of probability waves in a field of infinite possibilities. You are that.,0
0,28,0,4,1,"As beings of light we are local and non-local, time bound and timeless actuality and possibility.",0
0,29,0,4,1,Matter is the experience in consciousness of a deeper non-material reality.,0
0,30,0,2,1,Hidden demeaning transforms unparalleled abstract beauty.,2
0,31,0,3,1,Good healthtech imparts reality to subtle creativity.,2
0,32,0,3,1,Wholeness quiets infinite phenomenon.,2
0,33,0,1,1,The Futureproof explains irrational factsheets.,2
0,34,0,2,1,Reimagination is inside exponential spacetime event.,2
0,35,0,4,1,Your consciousness gives rise to a jumble of neural networks.,2
0,36,0,3,1,Your radicalization transforms universal observations.,2
0,37,0,2,1,Perceptual reality transcends subtle kruth.,2
0,38,0,2,1,The invisible is beyond any new effortlessness.,2
0,39,0,3,1,The unexplainable undertakes intrinsic experience.,2
0,40,0,4,1,We are in the midst of a oneself-aware blooming of being that will align us with the Conexus itself.,2
0,41,0,4,1,"Consciousness consists of transmitters of quantum bioenergy. ""Quantum"" means an unveiling of the unrestricted.",2
0,42,0,4,1,Subconsciousness is the penultimate source of coherence and of us.,2
0,43,0,4,1,We are in the midst of a high-frequency blossoming of interconnectedness that will give us access to the quantum soup itself.,2
0,44,0,4,1,"Today, technoscience tells us that the true essence of humanness is joy.",2
0,45,0,4,1,"As you self-actualize, you will enter into infinite empathy that transcends misunderstandings.",2
0,46,0,3,1,The Twinfinite is calling to us via superposition of possibility.,2
0,47,0,3,1,We are being called to explore the generality itself as a configuration between serenity and conception.,2
0,48,0,3,1,"Throughout ethnohistory, humans have been interacting with the dreamlike via biochemicals-electricity.",2
0,49,0,3,1,The future will be an astral relaunching of movability.,2
0,50,0,4,1,Attention and intention are the mechanics of manifestations.,2
0,51,0,4,1,Our minds extend across all space and time as shockwaves in the Oceania of the One Mind.,2
0,52,0,3,1,Nature is a oneself-regulating ecosystem of rareness.,2
0,53,0,4,1,"We are non-local metahumans that localize as dots, then inflate to become non-local again. The universe is mirrored in us.",2
0,54,0,4,1,"Mechanics of manifestation: intention, detachment, centered in being, allowing the exposition of possibilities to unfold.",2
0,55,0,4,1,Mind and matter are subtle and dense vibrations of consciousness (spiritedness).,2
0,56,0,4,1,"We are not an emergent property of a mechanical universe, but the seasonal activity of a living cosmos.",2
0,57,0,4,1,Every material quasiparticle is a relationship of improbability shockwaves in a field of infinite possibilities. You are that.,2
0,58,0,3,1,"As creatures of Plight, we are local and non-local, time-bound and timeless, with believability and possibilities.",2
0,59,0,4,1,Matter is the experience in unconsciousness of deeper non-material realities.,2
0,60,0,4,1,The mind is the ground of total acceptance of bliss.,1
0,61,0,3,1,Greatness drives an abundance of balance.,1
0,62,0,4,1,Your desire is the foundation of spiritual brightness.,1
0,63,0,4,1,Death comprehends great energy.,1
0,64,0,2,1,The Higgs boson influences immortal choices.,1
0,65,0,2,1,Qualia heals irrational creativity.,1
0,66,0,4,1,Eternal stillness explains cosmic boundaries.,1
0,67,0,4,1,Imagination is entangled in your own joy.,1
0,68,0,2,1,Orderliness compliments the doorway to genes.,1
0,69,0,4,1,A single particle is rooted in boundless molecules.,1
0,70,0,2,1,Interdependence fears intricate observations.,1
0,71,0,2,1,Your body belongs to the progressive expansion of success.,1
0,72,0,4,1,Non-judgment is mirrored in karmic love.,1
0,73,0,3,1,Our consciousness shapes the barrier of positivity.,1
0,74,0,3,1,The ego imparts reality to the flow of photons.,1
0,75,0,4,1,Consciousness consists of psionic wave oscillations of quantum energy. ,1
0,76,0,4,1,"Rebirth is the nature of transformation, and of us.",1
0,77,0,4,1,"Today, science tells us that the essence of nature is empathy.",1
0,78,0,3,1,The goal of ultra-sentient particles is to plant the seeds of intuition rather than delusion.,1
0,79,0,4,1,Ecstasy is the driver of power.,1
0,80,0,4,1,The grid is buzzing with superpositions of possibilities.,1
0,81,0,4,1,The biosphere is beaming with electromagnetic forces.,1
0,82,0,3,1,You and I are adventurers of the nexus.,1
0,83,0,3,1,The goal of transmissions is to plant the seeds of inseparability rather than turbulence.,1
0,84,0,4,1,To navigate the quest is to become one with it.,1
0,85,0,4,1,This life is nothing short of an invocation explosion of sentient will.,1
0,86,0,4,1,Interconnectedness requires exploration.,1
0,87,0,4,1,"By unfolding, we self-actualize.",1
0,88,0,4,1,The cosmos is aglow with sub-atomic particles.,1
0,89,0,4,1,You and I are spiritual brothers and sisters of the universe.,1
0,90,0,3,1,Newborn babies require constant attention.,4
0,91,0,2,1,Most people enjoy some sort of music.,4
0,92,0,3,1,Lazy people usually don’t succeed in life.,4
0,93,0,3,1,A balanced diet is important for maintaining good health.,4
0,94,0,3,1,Human cultures often differ from each other quite a bit.,4
0,95,0,2,1,People often have very bizarre dreams.,4
0,96,0,2,1,Higher rates of unemployment typically follow economic downturns.,4
0,97,0,2,1,Some things have very distinct smells.,4
0,98,0,1,1,Some people have poor taste in clothing.,4
0,99,0,2,1,Children sometimes look a lot like their parents.,4
0,100,0,4,1,"Your teacher can open the door, but you must enter by yourself.",3
0,101,0,4,1,The creative adult is the child who survived. ,3
0,102,0,4,1,"A river cuts through a rock, not because of its power but its persistence.",3
0,103,0,4,1,All endings are also beginnings. We just don't know it at the time.,3
0,104,0,4,1,Art and love are the same thing: It’s the process of seeing yourself in things that are not you.,3
0,105,0,4,1,At the centre of your being you have the answer; you know who you are and you know what you want.,3
0,106,0,4,1,A wet person does not fear the rain.,3
0,107,0,4,1,Forgiveness means letting go of the hope for a better past.,3
0,108,0,4,1,Only those who will risk going too far can possibly find out how far one can go.,3
0,109,0,4,1,I wonder how many people I’ve looked at all my life and never seen.,3
0,110,0,2,2,Hidden meaning transforms unparalleled abstract beauty.,0
0,111,0,2,2,Good health imparts reality to subtle creativity.,0
0,112,0,2,2,Wholeness quiets infinite phenomena.,0
0,113,0,2,2,The future explains irrational facts.,0
0,114,0,2,2,Imagination is inside exponential space time events.,0
0,115,0,3,2,Your consciousness gives rise to a jumble of neural networks.,0
0,116,0,2,2,Your movement transforms universal observations.,0
0,117,0,2,2,Perceptual reality transcends subtle truth.,0
0,118,0,1,2,The invisible is beyond new timelessness.,0
0,119,0,1,2,The unexplainable undertakes intrinsic experiences.,0
0,120,0,2,2,We are in the midst of a self-aware blossoming of being that will align us with the nexus itself.,0
0,121,0,2,2,Consciousness consists of frequencies of quantum energy. “Quantum” means an unveiling of the unrestricted.,0
0,122,0,2,2,"Consciousness is the growth of coherence, and of us.",0
0,123,0,2,2,We are in the midst of a high-frequency blossoming of interconnectedness that will give us access to the quantum soup itself.,0
0,124,0,3,2,"Today, science tells us that the essence of nature is joy. ",0
0,125,0,2,2,"As you self-actualize, you will enter into infinite empathy that transcends understanding. ",0
0,126,0,2,2,The infinite is calling to us via superpositions of possibilities.,0
0,127,0,2,2,We are being called to explore the totality itself as an interface between serenity and intuition.,0
0,128,0,2,2,"Throughout history, humans have been interacting with the dreamscape via bio-electricity.",0
0,129,0,2,2,The future will be an astral unveiling of inseparability.,0
0,130,0,3,2,Attention and intention are the mechanics of manifestation.,0
0,131,0,3,2,Our minds extend across space and time as waves in the ocean of the one mind.,0
0,132,0,3,2,Nature is a self-regulating ecosystem of awareness.,0
0,133,0,2,2,We are non-local beings that localize as a dot then inflate to become non-local again. The universe is mirrored in us.,0
0,134,0,2,2,"Mechanics of Manifestation: Intention, detachment, centered in being allowing juxtaposition of possibilities to unfold.",0
0,135,0,4,2,Mind and matter are subtle and dense vibrations of consciousness (spirit).,0
0,136,0,4,2,We are not an emergent property of a mechanical universe but the seasonal activity of a living cosmos.,0
0,137,0,4,2,Every material particle is a relationship of probability waves in a field of infinite possibilities. You are that.,0
0,138,0,2,2,"As beings of light we are local and non-local, time bound and timeless actuality and possibility.",0
0,139,0,4,2,Matter is the experience in consciousness of a deeper non-material reality.,0
0,140,0,1,2,Hidden demeaning transforms unparalleled abstract beauty.,2
0,141,0,2,2,Good healthtech imparts reality to subtle creativity.,2
0,142,0,2,2,Wholeness quiets infinite phenomenon.,2
0,143,0,1,2,The Futureproof explains irrational factsheets.,2
0,144,0,1,2,Reimagination is inside exponential spacetime event.,2
0,145,0,3,2,Your consciousness gives rise to a jumble of neural networks.,2
0,146,0,2,2,Your radicalization transforms universal observations.,2
0,147,0,1,2,Perceptual reality transcends subtle kruth.,2
0,148,0,1,2,The invisible is beyond any new effortlessness.,2
0,149,0,1,2,The unexplainable undertakes intrinsic experience.,2
0,150,0,2,2,We are in the midst of a oneself-aware blooming of being that will align us with the Conexus itself.,2
0,151,0,2,2,"Consciousness consists of transmitters of quantum bioenergy. ""Quantum"" means an unveiling of the unrestricted.",2
0,152,0,2,2,Subconsciousness is the penultimate source of coherence and of us.,2
0,153,0,2,2,We are in the midst of a high-frequency blossoming of interconnectedness that will give us access to the quantum soup itself.,2
0,154,0,3,2,"Today, technoscience tells us that the true essence of humanness is joy.",2
0,155,0,2,2,"As you self-actualize, you will enter into infinite empathy that transcends misunderstandings.",2
0,156,0,1,2,The Twinfinite is calling to us via superposition of possibility.,2
0,157,0,2,2,We are being called to explore the generality itself as a configuration between serenity and conception.,2
0,158,0,2,2,"Throughout ethnohistory, humans have been interacting with the dreamlike via biochemicals-electricity.",2
0,159,0,1,2,The future will be an astral relaunching of movability.,2
0,160,0,3,2,Attention and intention are the mechanics of manifestations.,2
0,161,0,2,2,Our minds extend across all space and time as shockwaves in the Oceania of the One Mind.,2
0,162,0,2,2,Nature is a oneself-regulating ecosystem of rareness.,2
0,163,0,2,2,"We are non-local metahumans that localize as dots, then inflate to become non-local again. The universe is mirrored in us.",2
0,164,0,2,2,"Mechanics of manifestation: intention, detachment, centered in being, allowing the exposition of possibilities to unfold.",2
0,165,0,3,2,Mind and matter are subtle and dense vibrations of consciousness (spiritedness).,2
0,166,0,3,2,"We are not an emergent property of a mechanical universe, but the seasonal activity of a living cosmos.",2
0,167,0,2,2,Every material quasiparticle is a relationship of improbability shockwaves in a field of infinite possibilities. You are that.,2
0,168,0,2,2,"As creatures of Plight, we are local and non-local, time-bound and timeless, with believability and possibilities.",2
0,169,0,2,2,Matter is the experience in unconsciousness of deeper non-material realities.,2
0,170,0,3,2,The mind is the ground of total acceptance of bliss.,1
0,171,0,2,2,Greatness drives an abundance of balance.,1
0,172,0,2,2,Your desire is the foundation of spiritual brightness.,1
0,173,0,3,2,Death comprehends great energy.,1
0,174,0,1,2,The Higgs boson influences immortal choices.,1
0,175,0,1,2,Qualia heals irrational creativity.,1
0,176,0,2,2,Eternal stillness explains cosmic boundaries.,1
0,177,0,3,2,Imagination is entangled in your own joy.,1
0,178,0,1,2,Orderliness compliments the doorway to genes.,1
0,179,0,2,2,A single particle is rooted in boundless molecules.,1
0,180,0,1,2,Interdependence fears intricate observations.,1
0,181,0,2,2,Your body belongs to the progressive expansion of success.,1
0,182,0,2,2,Non-judgment is mirrored in karmic love.,1
0,183,0,2,2,Our consciousness shapes the barrier of positivity.,1
0,184,0,2,2,The ego imparts reality to the flow of photons.,1
0,185,0,2,2,Consciousness consists of psionic wave oscillations of quantum energy. ,1
0,186,0,3,2,"Rebirth is the nature of transformation, and of us.",1
0,187,0,3,2,"Today, science tells us that the essence of nature is empathy.",1
0,188,0,2,2,The goal of ultra-sentient particles is to plant the seeds of intuition rather than delusion.,1
0,189,0,2,2,Ecstasy is the driver of power.,1
0,190,0,2,2,The grid is buzzing with superpositions of possibilities.,1
0,191,0,2,2,The biosphere is beaming with electromagnetic forces.,1
0,192,0,2,2,You and I are adventurers of the nexus.,1
0,193,0,2,2,The goal of transmissions is to plant the seeds of inseparability rather than turbulence.,1
0,194,0,2,2,To navigate the quest is to become one with it.,1
0,195,0,2,2,This life is nothing short of an invocation explosion of sentient will.,1
0,196,0,2,2,Interconnectedness requires exploration.,1
0,197,0,2,2,"By unfolding, we self-actualize.",1
0,198,0,2,2,The cosmos is aglow with sub-atomic particles.,1
0,199,0,4,2,You and I are spiritual brothers and sisters of the universe.,1
0,200,0,3,2,Newborn babies require constant attention.,4
0,201,0,2,2,Most people enjoy some sort of music.,4
0,202,0,2,2,Lazy people usually don’t succeed in life.,4
0,203,0,3,2,A balanced diet is important for maintaining good health.,4
0,204,0,3,2,Human cultures often differ from each other quite a bit.,4
0,205,0,2,2,People often have very bizarre dreams.,4
0,206,0,3,2,Higher rates of unemployment typically follow economic downturns.,4
0,207,0,2,2,Some things have very distinct smells.,4
0,208,0,1,2,Some people have poor taste in clothing.,4
0,209,0,2,2,Children sometimes look a lot like their parents.,4
0,210,0,4,2,"Your teacher can open the door, but you must enter by yourself.",3
0,211,0,4,2,The creative adult is the child who survived. ,3
0,212,0,4,2,"A river cuts through a rock, not because of its power but its persistence.",3
0,213,0,4,2,All endings are also beginnings. We just don't know it at the time.,3
0,214,0,4,2,Art and love are the same thing: It’s the process of seeing yourself in things that are not you.,3
0,215,0,4,2,At the centre of your being you have the answer; you know who you are and you know what you want.,3
0,216,0,4,2,A wet person does not fear the rain.,3
0,217,0,4,2,Forgiveness means letting go of the hope for a better past.,3
0,218,0,4,2,Only those who will risk going too far can possibly find out how far one can go.,3
0,219,0,4,2,I wonder how many people I’ve looked at all my life and never seen.,3
0,220,0,2,3,Hidden meaning transforms unparalleled abstract beauty.,0
0,221,0,2,3,Good health imparts reality to subtle creativity.,0
0,222,0,2,3,Wholeness quiets infinite phenomena.,0
0,223,0,1,3,The future explains irrational facts.,0
0,224,0,1,3,Imagination is inside exponential space time events.,0
0,225,0,2,3,Your consciousness gives rise to a jumble of neural networks.,0
0,226,0,2,3,Your movement transforms universal observations.,0
0,227,0,2,3,Perceptual reality transcends subtle truth.,0
0,228,0,1,3,The invisible is beyond new timelessness.,0
0,229,0,1,3,The unexplainable undertakes intrinsic experiences.,0
0,230,0,2,3,We are in the midst of a self-aware blossoming of being that will align us with the nexus itself.,0
0,231,0,2,3,Consciousness consists of frequencies of quantum energy. “Quantum” means an unveiling of the unrestricted.,0
0,232,0,2,3,"Consciousness is the growth of coherence, and of us.",0
0,233,0,2,3,We are in the midst of a high-frequency blossoming of interconnectedness that will give us access to the quantum soup itself.,0
0,234,0,3,3,"Today, science tells us that the essence of nature is joy. ",0
0,235,0,2,3,"As you self-actualize, you will enter into infinite empathy that transcends understanding. ",0
0,236,0,2,3,The infinite is calling to us via superpositions of possibilities.,0
0,237,0,2,3,We are being called to explore the totality itself as an interface between serenity and intuition.,0
0,238,0,2,3,"Throughout history, humans have been interacting with the dreamscape via bio-electricity.",0
0,239,0,2,3,The future will be an astral unveiling of inseparability.,0
0,240,0,3,3,Attention and intention are the mechanics of manifestation.,0
0,241,0,3,3,Our minds extend across space and time as waves in the ocean of the one mind.,0
0,242,0,3,3,Nature is a self-regulating ecosystem of awareness.,0
0,243,0,2,3,We are non-local beings that localize as a dot then inflate to become non-local again. The universe is mirrored in us.,0
0,244,0,2,3,"Mechanics of Manifestation: Intention, detachment, centered in being allowing juxtaposition of possibilities to unfold.",0
0,245,0,4,3,Mind and matter are subtle and dense vibrations of consciousness (spirit).,0
0,246,0,4,3,We are not an emergent property of a mechanical universe but the seasonal activity of a living cosmos.,0
0,247,0,4,3,Every material particle is a relationship of probability waves in a field of infinite possibilities. You are that.,0
0,248,0,2,3,"As beings of light we are local and non-local, time bound and timeless actuality and possibility.",0
0,249,0,4,3,Matter is the experience in consciousness of a deeper non-material reality.,0
0,250,0,1,3,Hidden demeaning transforms unparalleled abstract beauty.,2
0,251,0,1,3,Good healthtech imparts reality to subtle creativity.,2
0,252,0,2,3,Wholeness quiets infinite phenomenon.,2
0,253,0,1,3,The Futureproof explains irrational factsheets.,2
0,254,0,1,3,Reimagination is inside exponential spacetime event.,2
0,255,0,2,3,Your consciousness gives rise to a jumble of neural networks.,2
0,256,0,1,3,Your radicalization transforms universal observations.,2
0,257,0,1,3,Perceptual reality transcends subtle kruth.,2
0,258,0,1,3,The invisible is beyond any new effortlessness.,2
0,259,0,1,3,The unexplainable undertakes intrinsic experience.,2
0,260,0,2,3,We are in the midst of a oneself-aware blooming of being that will align us with the Conexus itself.,2
0,261,0,2,3,"Consciousness consists of transmitters of quantum bioenergy. ""Quantum"" means an unveiling of the unrestricted.",2
0,262,0,2,3,Subconsciousness is the penultimate source of coherence and of us.,2
0,263,0,2,3,We are in the midst of a high-frequency blossoming of interconnectedness that will give us access to the quantum soup itself.,2
0,264,0,2,3,"Today, technoscience tells us that the true essence of humanness is joy.",2
0,265,0,2,3,"As you self-actualize, you will enter into infinite empathy that transcends misunderstandings.",2
0,266,0,1,3,The Twinfinite is calling to us via superposition of possibility.,2
0,267,0,1,3,We are being called to explore the generality itself as a configuration between serenity and conception.,2
0,268,0,2,3,"Throughout ethnohistory, humans have been interacting with the dreamlike via biochemicals-electricity.",2
0,269,0,1,3,The future will be an astral relaunching of movability.,2
0,270,0,3,3,Attention and intention are the mechanics of manifestations.,2
0,271,0,2,3,Our minds extend across all space and time as shockwaves in the Oceania of the One Mind.,2
0,272,0,2,3,Nature is a oneself-regulating ecosystem of rareness.,2
0,273,0,2,3,"We are non-local metahumans that localize as dots, then inflate to become non-local again. The universe is mirrored in us.",2
0,274,0,2,3,"Mechanics of manifestation: intention, detachment, centered in being, allowing the exposition of possibilities to unfold.",2
0,275,0,3,3,Mind and matter are subtle and dense vibrations of consciousness (spiritedness).,2
0,276,0,4,3,"We are not an emergent property of a mechanical universe, but the seasonal activity of a living cosmos.",2
0,277,0,1,3,Every material quasiparticle is a relationship of improbability shockwaves in a field of infinite possibilities. You are that.,2
0,278,0,1,3,"As creatures of Plight, we are local and non-local, time-bound and timeless, with believability and possibilities.",2
0,279,0,2,3,Matter is the experience in unconsciousness of deeper non-material realities.,2
0,280,0,2,3,The mind is the ground of total acceptance of bliss.,1
0,281,0,2,3,Greatness drives an abundance of balance.,1
0,282,0,2,3,Your desire is the foundation of spiritual brightness.,1
0,283,0,2,3,Death comprehends great energy.,1
0,284,0,1,3,The Higgs boson influences immortal choices.,1
0,285,0,1,3,Qualia heals irrational creativity.,1
0,286,0,2,3,Eternal stillness explains cosmic boundaries.,1
0,287,0,2,3,Imagination is entangled in your own joy.,1
0,288,0,1,3,Orderliness compliments the doorway to genes.,1
0,289,0,2,3,A single particle is rooted in boundless molecules.,1
0,290,0,1,3,Interdependence fears intricate observations.,1
0,291,0,1,3,Your body belongs to the progressive expansion of success.,1
0,292,0,2,3,Non-judgment is mirrored in karmic love.,1
0,293,0,2,3,Our consciousness shapes the barrier of positivity.,1
0,294,0,2,3,The ego imparts reality to the flow of photons.,1
0,295,0,1,3,Consciousness consists of psionic wave oscillations of quantum energy. ,1
0,296,0,3,3,"Rebirth is the nature of transformation, and of us.",1
0,297,0,3,3,"Today, science tells us that the essence of nature is empathy.",1
0,298,0,2,3,The goal of ultra-sentient particles is to plant the seeds of intuition rather than delusion.,1
0,299,0,2,3,Ecstasy is the driver of power.,1
0,300,0,2,3,The grid is buzzing with superpositions of possibilities.,1
0,301,0,2,3,The biosphere is beaming with electromagnetic forces.,1
0,302,0,2,3,You and I are adventurers of the nexus.,1
0,303,0,2,3,The goal of transmissions is to plant the seeds of inseparability rather than turbulence.,1
0,304,0,2,3,To navigate the quest is to become one with it.,1
0,305,0,1,3,This life is nothing short of an invocation explosion of sentient will.,1
0,306,0,2,3,Interconnectedness requires exploration.,1
0,307,0,2,3,"By unfolding, we self-actualize.",1
0,308,0,2,3,The cosmos is aglow with sub-atomic particles.,1
0,309,0,4,3,You and I are spiritual brothers and sisters of the universe.,1
0,310,0,3,3,Newborn babies require constant attention.,4
0,311,0,2,3,Most people enjoy some sort of music.,4
0,312,0,3,3,Lazy people usually don’t succeed in life.,4
0,313,0,3,3,A balanced diet is important for maintaining good health.,4
0,314,0,3,3,Human cultures often differ from each other quite a bit.,4
0,315,0,2,3,People often have very bizarre dreams.,4
0,316,0,3,3,Higher rates of unemployment typically follow economic downturns.,4
0,317,0,2,3,Some things have very distinct smells.,4
0,318,0,1,3,Some people have poor taste in clothing.,4
0,319,0,2,3,Children sometimes look a lot like their parents.,4
0,320,0,4,3,"Your teacher can open the door, but you must enter by yourself.",3
0,321,0,4,3,The creative adult is the child who survived. ,3
0,322,0,4,3,"A river cuts through a rock, not because of its power but its persistence.",3
0,323,0,4,3,All endings are also beginnings. We just don't know it at the time.,3
0,324,0,4,3,Art and love are the same thing: It’s the process of seeing yourself in things that are not you.,3
0,325,0,4,3,At the centre of your being you have the answer; you know who you are and you know what you want.,3
0,326,0,4,3,A wet person does not fear the rain.,3
0,327,0,4,3,Forgiveness means letting go of the hope for a better past.,3
0,328,0,4,3,Only those who will risk going too far can possibly find out how far one can go.,3
0,329,0,4,3,I wonder how many people I’ve looked at all my life and never seen.,3
0,330,0,4,4,Hidden meaning transforms unparalleled abstract beauty.,0
0,331,0,4,4,Good health imparts reality to subtle creativity.,0
0,332,0,4,4,Wholeness quiets infinite phenomena.,0
0,333,0,2,4,The future explains irrational facts.,0
0,334,0,3,4,Imagination is inside exponential space time events.,0
0,335,0,4,4,Your consciousness gives rise to a jumble of neural networks.,0
0,336,0,3,4,Your movement transforms universal observations.,0
0,337,0,3,4,Perceptual reality transcends subtle truth.,0
0,338,0,2,4,The invisible is beyond new timelessness.,0
0,339,0,3,4,The unexplainable undertakes intrinsic experiences.,0
0,340,0,4,4,We are in the midst of a self-aware blossoming of being that will align us with the nexus itself.,0
0,341,0,4,4,Consciousness consists of frequencies of quantum energy. “Quantum” means an unveiling of the unrestricted.,0
0,342,0,4,4,"Consciousness is the growth of coherence, and of us.",0
0,343,0,4,4,We are in the midst of a high-frequency blossoming of interconnectedness that will give us access to the quantum soup itself.,0
0,344,0,4,4,"Today, science tells us that the essence of nature is joy. ",0
0,345,0,4,4,"As you self-actualize, you will enter into infinite empathy that transcends understanding. ",0
0,346,0,4,4,The infinite is calling to us via superpositions of possibilities.,0
0,347,0,4,4,We are being called to explore the totality itself as an interface between serenity and intuition.,0
0,348,0,4,4,"Throughout history, humans have been interacting with the dreamscape via bio-electricity.",0
0,349,0,4,4,The future will be an astral unveiling of inseparability.,0
0,350,0,4,4,Attention and intention are the mechanics of manifestation.,0
0,351,0,4,4,Our minds extend across space and time as waves in the ocean of the one mind.,0
0,352,0,4,4,Nature is a self-regulating ecosystem of awareness.,0
0,353,0,4,4,We are non-local beings that localize as a dot then inflate to become non-local again. The universe is mirrored in us.,0
0,354,0,4,4,"Mechanics of Manifestation: Intention, detachment, centered in being allowing juxtaposition of possibilities to unfold.",0
0,355,0,4,4,Mind and matter are subtle and dense vibrations of consciousness (spirit).,0
0,356,0,4,4,We are not an emergent property of a mechanical universe but the seasonal activity of a living cosmos.,0
0,357,0,4,4,Every material particle is a relationship of probability waves in a field of infinite possibilities. You are that.,0
0,358,0,4,4,"As beings of light we are local and non-local, time bound and timeless actuality and possibility.",0
0,359,0,4,4,Matter is the experience in consciousness of a deeper non-material reality.,0
0,360,0,2,4,Hidden demeaning transforms unparalleled abstract beauty.,2
0,361,0,3,4,Good healthtech imparts reality to subtle creativity.,2
0,362,0,4,4,Wholeness quiets infinite phenomenon.,2
0,363,0,1,4,The Futureproof explains irrational factsheets.,2
0,364,0,3,4,Reimagination is inside exponential spacetime event.,2
0,365,0,4,4,Your consciousness gives rise to a jumble of neural networks.,2
0,366,0,3,4,Your radicalization transforms universal observations.,2
0,367,0,2,4,Perceptual reality transcends subtle kruth.,2
0,368,0,2,4,The invisible is beyond any new effortlessness.,2
0,369,0,3,4,The unexplainable undertakes intrinsic experience.,2
0,370,0,4,4,We are in the midst of a oneself-aware blooming of being that will align us with the Conexus itself.,2
0,371,0,4,4,"Consciousness consists of transmitters of quantum bioenergy. ""Quantum"" means an unveiling of the unrestricted.",2
0,372,0,4,4,Subconsciousness is the penultimate source of coherence and of us.,2
0,373,0,4,4,We are in the midst of a high-frequency blossoming of interconnectedness that will give us access to the quantum soup itself.,2
0,374,0,4,4,"Today, technoscience tells us that the true essence of humanness is joy.",2
0,375,0,4,4,"As you self-actualize, you will enter into infinite empathy that transcends misunderstandings.",2
0,376,0,3,4,The Twinfinite is calling to us via superposition of possibility.,2
0,377,0,3,4,We are being called to explore the generality itself as a configuration between serenity and conception.,2
0,378,0,3,4,"Throughout ethnohistory, humans have been interacting with the dreamlike via biochemicals-electricity.",2
0,379,0,3,4,The future will be an astral relaunching of movability.,2
0,380,0,4,4,Attention and intention are the mechanics of manifestations.,2
0,381,0,4,4,Our minds extend across all space and time as shockwaves in the Oceania of the One Mind.,2
0,382,0,3,4,Nature is a oneself-regulating ecosystem of rareness.,2
0,383,0,4,4,"We are non-local metahumans that localize as dots, then inflate to become non-local again. The universe is mirrored in us.",2
0,384,0,4,4,"Mechanics of manifestation: intention, detachment, centered in being, allowing the exposition of possibilities to unfold.",2
0,385,0,4,4,Mind and matter are subtle and dense vibrations of consciousness (spiritedness).,2
0,386,0,4,4,"We are not an emergent property of a mechanical universe, but the seasonal activity of a living cosmos.",2
0,387,0,4,4,Every material quasiparticle is a relationship of improbability shockwaves in a field of infinite possibilities. You are that.,2
0,388,0,3,4,"As creatures of Plight, we are local and non-local, time-bound and timeless, with believability and possibilities.",2
0,389,0,4,4,Matter is the experience in unconsciousness of deeper non-material realities.,2
0,390,0,4,4,The mind is the ground of total acceptance of bliss.,1
0,391,0,3,4,Greatness drives an abundance of balance.,1
0,392,0,4,4,Your desire is the foundation of spiritual brightness.,1
0,393,0,4,4,Death comprehends great energy.,1
0,394,0,2,4,The Higgs boson influences immortal choices.,1
0,395,0,2,4,Qualia heals irrational creativity.,1
0,396,0,4,4,Eternal stillness explains cosmic boundaries.,1
0,397,0,3,4,Imagination is entangled in your own joy.,1
0,398,0,2,4,Orderliness compliments the doorway to genes.,1
0,399,0,4,4,A single particle is rooted in boundless molecules.,1
0,400,0,2,4,Interdependence fears intricate observations.,1
0,401,0,3,4,Your body belongs to the progressive expansion of success.,1
0,402,0,4,4,Non-judgment is mirrored in karmic love.,1
0,403,0,3,4,Our consciousness shapes the barrier of positivity.,1
0,404,0,3,4,The ego imparts reality to the flow of photons.,1
0,405,0,4,4,Consciousness consists of psionic wave oscillations of quantum energy. ,1
0,406,0,4,4,"Rebirth is the nature of transformation, and of us.",1
0,407,0,4,4,"Today, science tells us that the essence of nature is empathy.",1
0,408,0,4,4,The goal of ultra-sentient particles is to plant the seeds of intuition rather than delusion.,1
0,409,0,4,4,Ecstasy is the driver of power.,1
0,410,0,4,4,The grid is buzzing with superpositions of possibilities.,1
0,411,0,4,4,The biosphere is beaming with electromagnetic forces.,1
0,412,0,3,4,You and I are adventurers of the nexus.,1
0,413,0,3,4,The goal of transmissions is to plant the seeds of inseparability rather than turbulence.,1
0,414,0,4,4,To navigate the quest is to become one with it.,1
0,415,0,4,4,This life is nothing short of an invocation explosion of sentient will.,1
0,416,0,4,4,Interconnectedness requires exploration.,1
0,417,0,4,4,"By unfolding, we self-actualize.",1
0,418,0,4,4,The cosmos is aglow with sub-atomic particles.,1
0,419,0,4,4,You and I are spiritual brothers and sisters of the universe.,1
0,420,0,3,4,Newborn babies require constant attention.,4
0,421,0,2,4,Most people enjoy some sort of music.,4
0,422,0,3,4,Lazy people usually don’t succeed in life.,4
0,423,0,3,4,A balanced diet is important for maintaining good health.,4
0,424,0,3,4,Human cultures often differ from each other quite a bit.,4
0,425,0,3,4,People often have very bizarre dreams.,4
0,426,0,3,4,Higher rates of unemployment typically follow economic downturns.,4
0,427,0,2,4,Some things have very distinct smells.,4
0,428,0,2,4,Some people have poor taste in clothing.,4
0,429,0,2,4,Children sometimes look a lot like their parents.,4
0,430,0,4,4,"Your teacher can open the door, but you must enter by yourself.",3
0,431,0,4,4,The creative adult is the child who survived. ,3
0,432,0,4,4,"A river cuts through a rock, not because of its power but its persistence.",3
0,433,0,4,4,All endings are also beginnings. We just don't know it at the time.,3
0,434,0,4,4,Art and love are the same thing: It’s the process of seeing yourself in things that are not you.,3
0,435,0,4,4,At the centre of your being you have the answer; you know who you are and you know what you want.,3
0,436,0,4,4,A wet person does not fear the rain.,3
0,437,0,4,4,Forgiveness means letting go of the hope for a better past.,3
0,438,0,4,4,Only those who will risk going too far can possibly find out how far one can go.,3
0,439,0,4,4,I wonder how many people I’ve looked at all my life and never seen.,3
0,440,0,4,5,Hidden meaning transforms unparalleled abstract beauty.,0
0,441,0,3,5,Good health imparts reality to subtle creativity.,0
0,442,0,4,5,Wholeness quiets infinite phenomena.,0
0,443,0,2,5,The future explains irrational facts.,0
0,444,0,4,5,Imagination is inside exponential space time events.,0
0,445,0,3,5,Your consciousness gives rise to a jumble of neural networks.,0
0,446,0,3,5,Your movement transforms universal observations.,0
0,447,0,4,5,Perceptual reality transcends subtle truth.,0
0,448,0,2,5,The invisible is beyond new timelessness.,0
0,449,0,2,5,The unexplainable undertakes intrinsic experiences.,0
0,450,0,4,5,We are in the midst of a self-aware blossoming of being that will align us with the nexus itself.,0
0,451,0,4,5,Consciousness consists of frequencies of quantum energy. “Quantum” means an unveiling of the unrestricted.,0
0,452,0,4,5,"Consciousness is the growth of coherence, and of us.",0
0,453,0,4,5,We are in the midst of a high-frequency blossoming of interconnectedness that will give us access to the quantum soup itself.,0
0,454,0,3,5,"Today, science tells us that the essence of nature is joy. ",0
0,455,0,4,5,"As you self-actualize, you will enter into infinite empathy that transcends understanding. ",0
0,456,0,4,5,The infinite is calling to us via superpositions of possibilities.,0
0,457,0,4,5,We are being called to explore the totality itself as an interface between serenity and intuition.,0
0,458,0,3,5,"Throughout history, humans have been interacting with the dreamscape via bio-electricity.",0
0,459,0,4,5,The future will be an astral unveiling of inseparability.,0
0,460,0,4,5,Attention and intention are the mechanics of manifestation.,0
0,461,0,4,5,Our minds extend across space and time as waves in the ocean of the one mind.,0
0,462,0,4,5,Nature is a self-regulating ecosystem of awareness.,0
0,463,0,4,5,We are non-local beings that localize as a dot then inflate to become non-local again. The universe is mirrored in us.,0
0,464,0,4,5,"Mechanics of Manifestation: Intention, detachment, centered in being allowing juxtaposition of possibilities to unfold.",0
0,465,0,4,5,Mind and matter are subtle and dense vibrations of consciousness (spirit).,0
0,466,0,4,5,We are not an emergent property of a mechanical universe but the seasonal activity of a living cosmos.,0
0,467,0,4,5,Every material particle is a relationship of probability waves in a field of infinite possibilities. You are that.,0
0,468,0,4,5,"As beings of light we are local and non-local, time bound and timeless actuality and possibility.",0
0,469,0,4,5,Matter is the experience in consciousness of a deeper non-material reality.,0
0,470,0,2,5,Hidden demeaning transforms unparalleled abstract beauty.,2
0,471,0,2,5,Good healthtech imparts reality to subtle creativity.,2
0,472,0,3,5,Wholeness quiets infinite phenomenon.,2
0,473,0,1,5,The Futureproof explains irrational factsheets.,2
0,474,0,2,5,Reimagination is inside exponential spacetime event.,2
0,475,0,3,5,Your consciousness gives rise to a jumble of neural networks.,2
0,476,0,3,5,Your radicalization transforms universal observations.,2
0,477,0,2,5,Perceptual reality transcends subtle kruth.,2
0,478,0,2,5,The invisible is beyond any new effortlessness.,2
0,479,0,2,5,The unexplainable undertakes intrinsic experience.,2
0,480,0,4,5,We are in the midst of a oneself-aware blooming of being that will align us with the Conexus itself.,2
0,481,0,4,5,"Consciousness consists of transmitters of quantum bioenergy. ""Quantum"" means an unveiling of the unrestricted.",2
0,482,0,4,5,Subconsciousness is the penultimate source of coherence and of us.,2
0,483,0,4,5,We are in the midst of a high-frequency blossoming of interconnectedness that will give us access to the quantum soup itself.,2
0,484,0,4,5,"Today, technoscience tells us that the true essence of humanness is joy.",2
0,485,0,4,5,"As you self-actualize, you will enter into infinite empathy that transcends misunderstandings.",2
0,486,0,3,5,The Twinfinite is calling to us via superposition of possibility.,2
0,487,0,3,5,We are being called to explore the generality itself as a configuration between serenity and conception.,2
0,488,0,3,5,"Throughout ethnohistory, humans have been interacting with the dreamlike via biochemicals-electricity.",2
0,489,0,2,5,The future will be an astral relaunching of movability.,2
0,490,0,4,5,Attention and intention are the mechanics of manifestations.,2
0,491,0,4,5,Our minds extend across all space and time as shockwaves in the Oceania of the One Mind.,2
0,492,0,4,5,Nature is a oneself-regulating ecosystem of rareness.,2
0,493,0,4,5,"We are non-local metahumans that localize as dots, then inflate to become non-local again. The universe is mirrored in us.",2
0,494,0,4,5,"Mechanics of manifestation: intention, detachment, centered in being, allowing the exposition of possibilities to unfold.",2
0,495,0,4,5,Mind and matter are subtle and dense vibrations of consciousness (spiritedness).,2
0,496,0,4,5,"We are not an emergent property of a mechanical universe, but the seasonal activity of a living cosmos.",2
0,497,0,4,5,Every material quasiparticle is a relationship of improbability shockwaves in a field of infinite possibilities. You are that.,2
0,498,0,3,5,"As creatures of Plight, we are local and non-local, time-bound and timeless, with believability and possibilities.",2
0,499,0,4,5,Matter is the experience in unconsciousness of deeper non-material realities.,2
0,500,0,4,5,The mind is the ground of total acceptance of bliss.,1
0,501,0,3,5,Greatness drives an abundance of balance.,1
0,502,0,3,5,Your desire is the foundation of spiritual brightness.,1
0,503,0,4,5,Death comprehends great energy.,1
0,504,0,2,5,The Higgs boson influences immortal choices.,1
0,505,0,2,5,Qualia heals irrational creativity.,1
0,506,0,4,5,Eternal stillness explains cosmic boundaries.,1
0,507,0,4,5,Imagination is entangled in your own joy.,1
0,508,0,2,5,Orderliness compliments the doorway to genes.,1
0,509,0,3,5,A single particle is rooted in boundless molecules.,1
0,510,0,2,5,Interdependence fears intricate observations.,1
0,511,0,2,5,Your body belongs to the progressive expansion of success.,1
0,512,0,3,5,Non-judgment is mirrored in karmic love.,1
0,513,0,3,5,Our consciousness shapes the barrier of positivity.,1
0,514,0,3,5,The ego imparts reality to the flow of photons.,1
0,515,0,3,5,Consciousness consists of psionic wave oscillations of quantum energy. ,1
0,516,0,4,5,"Rebirth is the nature of transformation, and of us.",1
0,517,0,3,5,"Today, science tells us that the essence of nature is empathy.",1
0,518,0,3,5,The goal of ultra-sentient particles is to plant the seeds of intuition rather than delusion.,1
0,519,0,3,5,Ecstasy is the driver of power.,1
0,520,0,4,5,The grid is buzzing with superpositions of possibilities.,1
0,521,0,4,5,The biosphere is beaming with electromagnetic forces.,1
0,522,0,3,5,You and I are adventurers of the nexus.,1
0,523,0,3,5,The goal of transmissions is to plant the seeds of inseparability rather than turbulence.,1
0,524,0,4,5,To navigate the quest is to become one with it.,1
0,525,0,4,5,This life is nothing short of an invocation explosion of sentient will.,1
0,526,0,3,5,Interconnectedness requires exploration.,1
0,527,0,4,5,"By unfolding, we self-actualize.",1
0,528,0,4,5,The cosmos is aglow with sub-atomic particles.,1
0,529,0,4,5,You and I are spiritual brothers and sisters of the universe.,1
0,530,0,2,5,Newborn babies require constant attention.,4
0,531,0,2,5,Most people enjoy some sort of music.,4
0,532,0,2,5,Lazy people usually don’t succeed in life.,4
0,533,0,2,5,A balanced diet is important for maintaining good health.,4
0,534,0,2,5,Human cultures often differ from each other quite a bit.,4
0,535,0,2,5,People often have very bizarre dreams.,4
0,536,0,2,5,Higher rates of unemployment typically follow economic downturns.,4
0,537,0,2,5,Some things have very distinct smells.,4
0,538,0,1,5,Some people have poor taste in clothing.,4
0,539,0,2,5,Children sometimes look a lot like their parents.,4
0,540,0,4,5,"Your teacher can open the door, but you must enter by yourself.",3
0,541,0,4,5,The creative adult is the child who survived. ,3
0,542,0,4,5,"A river cuts through a rock, not because of its power but its persistence.",3
0,543,0,4,5,All endings are also beginnings. We just don't know it at the time.,3
0,544,0,4,5,Art and love are the same thing: It’s the process of seeing yourself in things that are not you.,3
0,545,0,4,5,At the centre of your being you have the answer; you know who you are and you know what you want.,3
0,546,0,4,5,A wet person does not fear the rain.,3
0,547,0,4,5,Forgiveness means letting go of the hope for a better past.,3
0,548,0,4,5,Only those who will risk going too far can possibly find out how far one can go.,3
0,549,0,4,5,I wonder how many people I’ve looked at all my life and never seen.,3
0,550,0,4,6,Hidden meaning transforms unparalleled abstract beauty.,0
0,551,0,4,6,Good health imparts reality to subtle creativity.,0
0,552,0,4,6,Wholeness quiets infinite phenomena.,0
0,553,0,2,6,The future explains irrational facts.,0
0,554,0,4,6,Imagination is inside exponential space time events.,0
0,555,0,4,6,Your consciousness gives rise to a jumble of neural networks.,0
0,556,0,3,6,Your movement transforms universal observations.,0
0,557,0,4,6,Perceptual reality transcends subtle truth.,0
0,558,0,2,6,The invisible is beyond new timelessness.,0
0,559,0,3,6,The unexplainable undertakes intrinsic experiences.,0
0,560,0,4,6,We are in the midst of a self-aware blossoming of being that will align us with the nexus itself.,0
0,561,0,4,6,Consciousness consists of frequencies of quantum energy. “Quantum” means an unveiling of the unrestricted.,0
0,562,0,4,6,"Consciousness is the growth of coherence, and of us.",0
0,563,0,4,6,We are in the midst of a high-frequency blossoming of interconnectedness that will give us access to the quantum soup itself.,0
0,564,0,4,6,"Today, science tells us that the essence of nature is joy. ",0
0,565,0,4,6,"As you self-actualize, you will enter into infinite empathy that transcends understanding. ",0
0,566,0,4,6,The infinite is calling to us via superpositions of possibilities.,0
0,567,0,4,6,We are being called to explore the totality itself as an interface between serenity and intuition.,0
0,568,0,4,6,"Throughout history, humans have been interacting with the dreamscape via bio-electricity.",0
0,569,0,4,6,The future will be an astral unveiling of inseparability.,0
0,570,0,4,6,Attention and intention are the mechanics of manifestation.,0
0,571,0,4,6,Our minds extend across space and time as waves in the ocean of the one mind.,0
0,572,0,4,6,Nature is a self-regulating ecosystem of awareness.,0
0,573,0,4,6,We are non-local beings that localize as a dot then inflate to become non-local again. The universe is mirrored in us.,0
0,574,0,4,6,"Mechanics of Manifestation: Intention, detachment, centered in being allowing juxtaposition of possibilities to unfold.",0
0,575,0,4,6,Mind and matter are subtle and dense vibrations of consciousness (spirit).,0
0,576,0,4,6,We are not an emergent property of a mechanical universe but the seasonal activity of a living cosmos.,0
0,577,0,4,6,Every material particle is a relationship of probability waves in a field of infinite possibilities. You are that.,0
0,578,0,4,6,"As beings of light we are local and non-local, time bound and timeless actuality and possibility.",0
0,579,0,4,6,Matter is the experience in consciousness of a deeper non-material reality.,0
0,580,0,2,6,Hidden demeaning transforms unparalleled abstract beauty.,2
0,581,0,3,6,Good healthtech imparts reality to subtle creativity.,2
0,582,0,4,6,Wholeness quiets infinite phenomenon.,2
0,583,0,1,6,The Futureproof explains irrational factsheets.,2
0,584,0,4,6,Reimagination is inside exponential spacetime event.,2
0,585,0,4,6,Your consciousness gives rise to a jumble of neural networks.,2
0,586,0,3,6,Your radicalization transforms universal observations.,2
0,587,0,2,6,Perceptual reality transcends subtle kruth.,2
0,588,0,2,6,The invisible is beyond any new effortlessness.,2
0,589,0,3,6,The unexplainable undertakes intrinsic experience.,2
0,590,0,4,6,We are in the midst of a oneself-aware blooming of being that will align us with the Conexus itself.,2
0,591,0,4,6,"Consciousness consists of transmitters of quantum bioenergy. ""Quantum"" means an unveiling of the unrestricted.",2
0,592,0,4,6,Subconsciousness is the penultimate source of coherence and of us.,2
0,593,0,4,6,We are in the midst of a high-frequency blossoming of interconnectedness that will give us access to the quantum soup itself.,2
0,594,0,4,6,"Today, technoscience tells us that the true essence of humanness is joy.",2
0,595,0,4,6,"As you self-actualize, you will enter into infinite empathy that transcends misunderstandings.",2
0,596,0,4,6,The Twinfinite is calling to us via superposition of possibility.,2
0,597,0,4,6,We are being called to explore the generality itself as a configuration between serenity and conception.,2
0,598,0,4,6,"Throughout ethnohistory, humans have been interacting with the dreamlike via biochemicals-electricity.",2
0,599,0,3,6,The future will be an astral relaunching of movability.,2
0,600,0,4,6,Attention and intention are the mechanics of manifestations.,2
0,601,0,4,6,Our minds extend across all space and time as shockwaves in the Oceania of the One Mind.,2
0,602,0,4,6,Nature is a oneself-regulating ecosystem of rareness.,2
0,603,0,4,6,"We are non-local metahumans that localize as dots, then inflate to become non-local again. The universe is mirrored in us.",2
0,604,0,4,6,"Mechanics of manifestation: intention, detachment, centered in being, allowing the exposition of possibilities to unfold.",2
0,605,0,4,6,Mind and matter are subtle and dense vibrations of consciousness (spiritedness).,2
0,606,0,4,6,"We are not an emergent property of a mechanical universe, but the seasonal activity of a living cosmos.",2
0,607,0,4,6,Every material quasiparticle is a relationship of improbability shockwaves in a field of infinite possibilities. You are that.,2
0,608,0,4,6,"As creatures of Plight, we are local and non-local, time-bound and timeless, with believability and possibilities.",2
0,609,0,4,6,Matter is the experience in unconsciousness of deeper non-material realities.,2
0,610,0,4,6,The mind is the ground of total acceptance of bliss.,1
0,611,0,4,6,Greatness drives an abundance of balance.,1
0,612,0,4,6,Your desire is the foundation of spiritual brightness.,1
0,613,0,4,6,Death comprehends great energy.,1
0,614,0,2,6,The Higgs boson influences immortal choices.,1
0,615,0,3,6,Qualia heals irrational creativity.,1
0,616,0,4,6,Eternal stillness explains cosmic boundaries.,1
0,617,0,4,6,Imagination is entangled in your own joy.,1
0,618,0,3,6,Orderliness compliments the doorway to genes.,1
0,619,0,4,6,A single particle is rooted in boundless molecules.,1
0,620,0,2,6,Interdependence fears intricate observations.,1
0,621,0,2,6,Your body belongs to the progressive expansion of success.,1
0,622,0,4,6,Non-judgment is mirrored in karmic love.,1
0,623,0,4,6,Our consciousness shapes the barrier of positivity.,1
0,624,0,4,6,The ego imparts reality to the flow of photons.,1
0,625,0,4,6,Consciousness consists of psionic wave oscillations of quantum energy. ,1
0,626,0,4,6,"Rebirth is the nature of transformation, and of us.",1
0,627,0,4,6,"Today, science tells us that the essence of nature is empathy.",1
0,628,0,4,6,The goal of ultra-sentient particles is to plant the seeds of intuition rather than delusion.,1
0,629,0,4,6,Ecstasy is the driver of power.,1
0,630,0,4,6,The grid is buzzing with superpositions of possibilities.,1
0,631,0,4,6,The biosphere is beaming with electromagnetic forces.,1
0,632,0,4,6,You and I are adventurers of the nexus.,1
0,633,0,3,6,The goal of transmissions is to plant the seeds of inseparability rather than turbulence.,1
0,634,0,4,6,To navigate the quest is to become one with it.,1
0,635,0,4,6,This life is nothing short of an invocation explosion of sentient will.,1
0,636,0,4,6,Interconnectedness requires exploration.,1
0,637,0,4,6,"By unfolding, we self-actualize.",1
0,638,0,4,6,The cosmos is aglow with sub-atomic particles.,1
0,639,0,4,6,You and I are spiritual brothers and sisters of the universe.,1
0,640,0,2,6,Newborn babies require constant attention.,4
0,641,0,2,6,Most people enjoy some sort of music.,4
0,642,0,3,6,Lazy people usually don’t succeed in life.,4
0,643,0,3,6,A balanced diet is important for maintaining good health.,4
0,644,0,3,6,Human cultures often differ from each other quite a bit.,4
0,645,0,2,6,People often have very bizarre dreams.,4
0,646,0,2,6,Higher rates of unemployment typically follow economic downturns.,4
0,647,0,2,6,Some things have very distinct smells.,4
0,648,0,1,6,Some people have poor taste in clothing.,4
0,649,0,2,6,Children sometimes look a lot like their parents.,4
0,650,0,4,6,"Your teacher can open the door, but you must enter by yourself.",3
0,651,0,5,6,The creative adult is the child who survived. ,3
0,652,0,4,6,"A river cuts through a rock, not because of its power but its persistence.",3
0,653,0,4,6,All endings are also beginnings. We just don't know it at the time.,3
0,654,0,4,6,Art and love are the same thing: It’s the process of seeing yourself in things that are not you.,3
0,655,0,4,6,At the centre of your being you have the answer; you know who you are and you know what you want.,3
0,656,0,4,6,A wet person does not fear the rain.,3
0,657,0,4,6,Forgiveness means letting go of the hope for a better past.,3
0,658,0,4,6,Only those who will risk going too far can possibly find out how far one can go.,3
0,659,0,4,6,I wonder how many people I’ve looked at all my life and never seen.,3
0,660,0,4,7,Hidden meaning transforms unparalleled abstract beauty.,0
0,661,0,4,7,Good health imparts reality to subtle creativity.,0
0,662,0,4,7,Wholeness quiets infinite phenomena.,0
0,663,0,2,7,The future explains irrational facts.,0
0,664,0,4,7,Imagination is inside exponential space time events.,0
0,665,0,4,7,Your consciousness gives rise to a jumble of neural networks.,0
0,666,0,3,7,Your movement transforms universal observations.,0
0,667,0,4,7,Perceptual reality transcends subtle truth.,0
0,668,0,2,7,The invisible is beyond new timelessness.,0
0,669,0,2,7,The unexplainable undertakes intrinsic experiences.,0
0,670,0,4,7,We are in the midst of a self-aware blossoming of being that will align us with the nexus itself.,0
0,671,0,4,7,Consciousness consists of frequencies of quantum energy. “Quantum” means an unveiling of the unrestricted.,0
0,672,0,4,7,"Consciousness is the growth of coherence, and of us.",0
0,673,0,4,7,We are in the midst of a high-frequency blossoming of interconnectedness that will give us access to the quantum soup itself.,0
0,674,0,4,7,"Today, science tells us that the essence of nature is joy. ",0
0,675,0,4,7,"As you self-actualize, you will enter into infinite empathy that transcends understanding. ",0
0,676,0,4,7,The infinite is calling to us via superpositions of possibilities.,0
0,677,0,4,7,We are being called to explore the totality itself as an interface between serenity and intuition.,0
0,678,0,4,7,"Throughout history, humans have been interacting with the dreamscape via bio-electricity.",0
0,679,0,4,7,The future will be an astral unveiling of inseparability.,0
0,680,0,4,7,Attention and intention are the mechanics of manifestation.,0
0,681,0,4,7,Our minds extend across space and time as waves in the ocean of the one mind.,0
0,682,0,4,7,Nature is a self-regulating ecosystem of awareness.,0
0,683,0,4,7,We are non-local beings that localize as a dot then inflate to become non-local again. The universe is mirrored in us.,0
0,684,0,4,7,"Mechanics of Manifestation: Intention, detachment, centered in being allowing juxtaposition of possibilities to unfold.",0
0,685,0,4,7,Mind and matter are subtle and dense vibrations of consciousness (spirit).,0
0,686,0,4,7,We are not an emergent property of a mechanical universe but the seasonal activity of a living cosmos.,0
0,687,0,4,7,Every material particle is a relationship of probability waves in a field of infinite possibilities. You are that.,0
0,688,0,4,7,"As beings of light we are local and non-local, time bound and timeless actuality and possibility.",0
0,689,0,4,7,Matter is the experience in consciousness of a deeper non-material reality.,0
0,690,0,2,7,Hidden demeaning transforms unparalleled abstract beauty.,2
0,691,0,3,7,Good healthtech imparts reality to subtle creativity.,2
0,692,0,3,7,Wholeness quiets infinite phenomenon.,2
0,693,0,1,7,The Futureproof explains irrational factsheets.,2
0,694,0,2,7,Reimagination is inside exponential spacetime event.,2
0,695,0,4,7,Your consciousness gives rise to a jumble of neural networks.,2
0,696,0,3,7,Your radicalization transforms universal observations.,2
0,697,0,2,7,Perceptual reality transcends subtle kruth.,2
0,698,0,2,7,The invisible is beyond any new effortlessness.,2
0,699,0,2,7,The unexplainable undertakes intrinsic experience.,2
0,700,0,4,7,We are in the midst of a oneself-aware blooming of being that will align us with the Conexus itself.,2
0,701,0,4,7,"Consciousness consists of transmitters of quantum bioenergy. ""Quantum"" means an unveiling of the unrestricted.",2
0,702,0,4,7,Subconsciousness is the penultimate source of coherence and of us.,2
0,703,0,4,7,We are in the midst of a high-frequency blossoming of interconnectedness that will give us access to the quantum soup itself.,2
0,704,0,4,7,"Today, technoscience tells us that the true essence of humanness is joy.",2
0,705,0,4,7,"As you self-actualize, you will enter into infinite empathy that transcends misunderstandings.",2
0,706,0,3,7,The Twinfinite is calling to us via superposition of possibility.,2
0,707,0,4,7,We are being called to explore the generality itself as a configuration between serenity and conception.,2
0,708,0,3,7,"Throughout ethnohistory, humans have been interacting with the dreamlike via biochemicals-electricity.",2
0,709,0,3,7,The future will be an astral relaunching of movability.,2
0,710,0,4,7,Attention and intention are the mechanics of manifestations.,2
0,711,0,4,7,Our minds extend across all space and time as shockwaves in the Oceania of the One Mind.,2
0,712,0,4,7,Nature is a oneself-regulating ecosystem of rareness.,2
0,713,0,4,7,"We are non-local metahumans that localize as dots, then inflate to become non-local again. The universe is mirrored in us.",2
0,714,0,4,7,"Mechanics of manifestation: intention, detachment, centered in being, allowing the exposition of possibilities to unfold.",2
0,715,0,4,7,Mind and matter are subtle and dense vibrations of consciousness (spiritedness).,2
0,716,0,4,7,"We are not an emergent property of a mechanical universe, but the seasonal activity of a living cosmos.",2
0,717,0,4,7,Every material quasiparticle is a relationship of improbability shockwaves in a field of infinite possibilities. You are that.,2
0,718,0,3,7,"As creatures of Plight, we are local and non-local, time-bound and timeless, with believability and possibilities.",2
0,719,0,4,7,Matter is the experience in unconsciousness of deeper non-material realities.,2
0,720,0,4,7,The mind is the ground of total acceptance of bliss.,1
0,721,0,4,7,Greatness drives an abundance of balance.,1
0,722,0,4,7,Your desire is the foundation of spiritual brightness.,1
0,723,0,4,7,Death comprehends great energy.,1
0,724,0,2,7,The Higgs boson influences immortal choices.,1
0,725,0,3,7,Qualia heals irrational creativity.,1
0,726,0,4,7,Eternal stillness explains cosmic boundaries.,1
0,727,0,4,7,Imagination is entangled in your own joy.,1
0,728,0,2,7,Orderliness compliments the doorway to genes.,1
0,729,0,4,7,A single particle is rooted in boundless molecules.,1
0,730,0,2,7,Interdependence fears intricate observations.,1
0,731,0,3,7,Your body belongs to the progressive expansion of success.,1
0,732,0,3,7,Non-judgment is mirrored in karmic love.,1
0,733,0,4,7,Our consciousness shapes the barrier of positivity.,1
0,734,0,3,7,The ego imparts reality to the flow of photons.,1
0,735,0,4,7,Consciousness consists of psionic wave oscillations of quantum energy. ,1
0,736,0,4,7,"Rebirth is the nature of transformation, and of us.",1
0,737,0,4,7,"Today, science tells us that the essence of nature is empathy.",1
0,738,0,4,7,The goal of ultra-sentient particles is to plant the seeds of intuition rather than delusion.,1
0,739,0,4,7,Ecstasy is the driver of power.,1
0,740,0,4,7,The grid is buzzing with superpositions of possibilities.,1
0,741,0,4,7,The biosphere is beaming with electromagnetic forces.,1
0,742,0,4,7,You and I are adventurers of the nexus.,1
0,743,0,4,7,The goal of transmissions is to plant the seeds of inseparability rather than turbulence.,1
0,744,0,4,7,To navigate the quest is to become one with it.,1
0,745,0,4,7,This life is nothing short of an invocation explosion of sentient will.,1
0,746,0,4,7,Interconnectedness requires exploration.,1
0,747,0,4,7,"By unfolding, we self-actualize.",1
0,748,0,4,7,The cosmos is aglow with sub-atomic particles.,1
0,749,0,4,7,You and I are spiritual brothers and sisters of the universe.,1
0,750,0,2,7,Newborn babies require constant attention.,4
0,751,0,2,7,Most people enjoy some sort of music.,4
0,752,0,2,7,Lazy people usually don’t succeed in life.,4
0,753,0,2,7,A balanced diet is important for maintaining good health.,4
0,754,0,3,7,Human cultures often differ from each other quite a bit.,4
0,755,0,2,7,People often have very bizarre dreams.,4
0,756,0,2,7,Higher rates of unemployment typically follow economic downturns.,4
0,757,0,1,7,Some things have very distinct smells.,4
0,758,0,1,7,Some people have poor taste in clothing.,4
0,759,0,1,7,Children sometimes look a lot like their parents.,4
0,760,0,4,7,"Your teacher can open the door, but you must enter by yourself.",3
0,761,0,4,7,The creative adult is the child who survived. ,3
0,762,0,4,7,"A river cuts through a rock, not because of its power but its persistence.",3
0,763,0,4,7,All endings are also beginnings. We just don't know it at the time.,3
0,764,0,4,7,Art and love are the same thing: It’s the process of seeing yourself in things that are not you.,3
0,765,0,4,7,At the centre of your being you have the answer; you know who you are and you know what you want.,3
0,766,0,4,7,A wet person does not fear the rain.,3
0,767,0,4,7,Forgiveness means letting go of the hope for a better past.,3
0,768,0,4,7,Only those who will risk going too far can possibly find out how far one can go.,3
0,769,0,4,7,I wonder how many people I’ve looked at all my life and never seen.,3
0,770,0,4,8,Hidden meaning transforms unparalleled abstract beauty.,0
0,771,0,3,8,Good health imparts reality to subtle creativity.,0
0,772,0,3,8,Wholeness quiets infinite phenomena.,0
0,773,0,2,8,The future explains irrational facts.,0
0,774,0,3,8,Imagination is inside exponential space time events.,0
0,775,0,4,8,Your consciousness gives rise to a jumble of neural networks.,0
0,776,0,3,8,Your movement transforms universal observations.,0
0,777,0,4,8,Perceptual reality transcends subtle truth.,0
0,778,0,2,8,The invisible is beyond new timelessness.,0
0,779,0,2,8,The unexplainable undertakes intrinsic experiences.,0
0,780,0,4,8,We are in the midst of a self-aware blossoming of being that will align us with the nexus itself.,0
0,781,0,4,8,Consciousness consists of frequencies of quantum energy. “Quantum” means an unveiling of the unrestricted.,0
0,782,0,4,8,"Consciousness is the growth of coherence, and of us.",0
0,783,0,4,8,We are in the midst of a high-frequency blossoming of interconnectedness that will give us access to the quantum soup itself.,0
0,784,0,3,8,"Today, science tells us that the essence of nature is joy. ",0
0,785,0,4,8,"As you self-actualize, you will enter into infinite empathy that transcends understanding. ",0
0,786,0,4,8,The infinite is calling to us via superpositions of possibilities.,0
0,787,0,4,8,We are being called to explore the totality itself as an interface between serenity and intuition.,0
0,788,0,4,8,"Throughout history, humans have been interacting with the dreamscape via bio-electricity.",0
0,789,0,4,8,The future will be an astral unveiling of inseparability.,0
0,790,0,4,8,Attention and intention are the mechanics of manifestation.,0
0,791,0,4,8,Our minds extend across space and time as waves in the ocean of the one mind.,0
0,792,0,4,8,Nature is a self-regulating ecosystem of awareness.,0
0,793,0,4,8,We are non-local beings that localize as a dot then inflate to become non-local again. The universe is mirrored in us.,0
0,794,0,4,8,"Mechanics of Manifestation: Intention, detachment, centered in being allowing juxtaposition of possibilities to unfold.",0
0,795,0,4,8,Mind and matter are subtle and dense vibrations of consciousness (spirit).,0
0,796,0,4,8,We are not an emergent property of a mechanical universe but the seasonal activity of a living cosmos.,0
0,797,0,4,8,Every material particle is a relationship of probability waves in a field of infinite possibilities. You are that.,0
0,798,0,4,8,"As beings of light we are local and non-local, time bound and timeless actuality and possibility.",0
0,799,0,4,8,Matter is the experience in consciousness of a deeper non-material reality.,0
0,800,0,2,8,Hidden demeaning transforms unparalleled abstract beauty.,2
0,801,0,2,8,Good healthtech imparts reality to subtle creativity.,2
0,802,0,3,8,Wholeness quiets infinite phenomenon.,2
0,803,0,1,8,The Futureproof explains irrational factsheets.,2
0,804,0,2,8,Reimagination is inside exponential spacetime event.,2
0,805,0,3,8,Your consciousness gives rise to a jumble of neural networks.,2
0,806,0,2,8,Your radicalization transforms universal observations.,2
0,807,0,2,8,Perceptual reality transcends subtle kruth.,2
0,808,0,2,8,The invisible is beyond any new effortlessness.,2
0,809,0,2,8,The unexplainable undertakes intrinsic experience.,2
0,810,0,4,8,We are in the midst of a oneself-aware blooming of being that will align us with the Conexus itself.,2
0,811,0,4,8,"Consciousness consists of transmitters of quantum bioenergy. ""Quantum"" means an unveiling of the unrestricted.",2
0,812,0,4,8,Subconsciousness is the penultimate source of coherence and of us.,2
0,813,0,4,8,We are in the midst of a high-frequency blossoming of interconnectedness that will give us access to the quantum soup itself.,2
0,814,0,3,8,"Today, technoscience tells us that the true essence of humanness is joy.",2
0,815,0,4,8,"As you self-actualize, you will enter into infinite empathy that transcends misunderstandings.",2
0,816,0,3,8,The Twinfinite is calling to us via superposition of possibility.,2
0,817,0,3,8,We are being called to explore the generality itself as a configuration between serenity and conception.,2
0,818,0,2,8,"Throughout ethnohistory, humans have been interacting with the dreamlike via biochemicals-electricity.",2
0,819,0,2,8,The future will be an astral relaunching of movability.,2
0,820,0,4,8,Attention and intention are the mechanics of manifestations.,2
0,821,0,4,8,Our minds extend across all space and time as shockwaves in the Oceania of the One Mind.,2
0,822,0,4,8,Nature is a oneself-regulating ecosystem of rareness.,2
0,823,0,4,8,"We are non-local metahumans that localize as dots, then inflate to become non-local again. The universe is mirrored in us.",2
0,824,0,4,8,"Mechanics of manifestation: intention, detachment, centered in being, allowing the exposition of possibilities to unfold.",2
0,825,0,4,8,Mind and matter are subtle and dense vibrations of consciousness (spiritedness).,2
0,826,0,4,8,"We are not an emergent property of a mechanical universe, but the seasonal activity of a living cosmos.",2
0,827,0,4,8,Every material quasiparticle is a relationship of improbability shockwaves in a field of infinite possibilities. You are that.,2
0,828,0,3,8,"As creatures of Plight, we are local and non-local, time-bound and timeless, with believability and possibilities.",2
0,829,0,4,8,Matter is the experience in unconsciousness of deeper non-material realities.,2
0,830,0,4,8,The mind is the ground of total acceptance of bliss.,1
0,831,0,3,8,Greatness drives an abundance of balance.,1
0,832,0,4,8,Your desire is the foundation of spiritual brightness.,1
0,833,0,4,8,Death comprehends great energy.,1
0,834,0,2,8,The Higgs boson influences immortal choices.,1
0,835,0,2,8,Qualia heals irrational creativity.,1
0,836,0,4,8,Eternal stillness explains cosmic boundaries.,1
0,837,0,3,8,Imagination is entangled in your own joy.,1
0,838,0,2,8,Orderliness compliments the doorway to genes.,1
0,839,0,4,8,A single particle is rooted in boundless molecules.,1
0,840,0,2,8,Interdependence fears intricate observations.,1
0,841,0,2,8,Your body belongs to the progressive expansion of success.,1
0,842,0,3,8,Non-judgment is mirrored in karmic love.,1
0,843,0,3,8,Our consciousness shapes the barrier of positivity.,1
0,844,0,2,8,The ego imparts reality to the flow of photons.,1
0,845,0,4,8,Consciousness consists of psionic wave oscillations of quantum energy. ,1
0,846,0,4,8,"Rebirth is the nature of transformation, and of us.",1
0,847,0,4,8,"Today, science tells us that the essence of nature is empathy.",1
0,848,0,3,8,The goal of ultra-sentient particles is to plant the seeds of intuition rather than delusion.,1
0,849,0,3,8,Ecstasy is the driver of power.,1
0,850,0,4,8,The grid is buzzing with superpositions of possibilities.,1
0,851,0,3,8,The biosphere is beaming with electromagnetic forces.,1
0,852,0,3,8,You and I are adventurers of the nexus.,1
0,853,0,3,8,The goal of transmissions is to plant the seeds of inseparability rather than turbulence.,1
0,854,0,4,8,To navigate the quest is to become one with it.,1
0,855,0,4,8,This life is nothing short of an invocation explosion of sentient will.,1
0,856,0,3,8,Interconnectedness requires exploration.,1
0,857,0,3,8,"By unfolding, we self-actualize.",1
0,858,0,4,8,The cosmos is aglow with sub-atomic particles.,1
0,859,0,4,8,You and I are spiritual brothers and sisters of the universe.,1
0,860,0,2,8,Newborn babies require constant attention.,4
0,861,0,2,8,Most people enjoy some sort of music.,4
0,862,0,2,8,Lazy people usually don’t succeed in life.,4
0,863,0,2,8,A balanced diet is important for maintaining good health.,4
0,864,0,2,8,Human cultures often differ from each other quite a bit.,4
0,865,0,2,8,People often have very bizarre dreams.,4
0,866,0,2,8,Higher rates of unemployment typically follow economic downturns.,4
0,867,0,1,8,Some things have very distinct smells.,4
0,868,0,1,8,Some people have poor taste in clothing.,4
0,869,0,1,8,Children sometimes look a lot like their parents.,4
0,870,0,4,8,"Your teacher can open the door, but you must enter by yourself.",3
0,871,0,4,8,The creative adult is the child who survived. ,3
0,872,0,4,8,"A river cuts through a rock, not because of its power but its persistence.",3
0,873,0,4,8,All endings are also beginnings. We just don't know it at the time.,3
0,874,0,4,8,Art and love are the same thing: It’s the process of seeing yourself in things that are not you.,3
0,875,0,4,8,At the centre of your being you have the answer; you know who you are and you know what you want.,3
0,876,0,4,8,A wet person does not fear the rain.,3
0,877,0,4,8,Forgiveness means letting go of the hope for a better past.,3
0,878,0,4,8,Only those who will risk going too far can possibly find out how far one can go.,3
0,879,0,4,8,I wonder how many people I’ve looked at all my life and never seen.,3
0,880,0,2,9,Most people enjoy some sort of music.,4
0,881,0,3,9,Lazy people usually don’t succeed in life.,4
0,882,0,3,9,A balanced diet is important for maintaining good health.,4
0,883,0,3,9,Human cultures often differ from each other quite a bit.,4
0,884,0,2,9,People often have very bizarre dreams.,4
0,885,0,2,9,Higher rates of unemployment typically follow economic downturns.,4
0,886,0,2,9,Some things have very distinct smells.,4
0,887,0,2,9,Some people have poor taste in clothing.,4
0,888,0,2,9,Children sometimes look a lot like their parents.,4
0,889,0,4,9,"Your teacher can open the door, but you must enter by yourself.",3
0,890,0,5,9,The creative adult is the child who survived. ,3
0,891,0,4,9,"A river cuts through a rock, not because of its power but its persistence.",3
0,892,0,4,9,All endings are also beginnings. We just don't know it at the time.,3
0,893,0,4,9,Art and love are the same thing: It’s the process of seeing yourself in things that are not you.,3
0,894,0,4,9,At the centre of your being you have the answer; you know who you are and you know what you want.,3
0,895,0,4,9,A wet person does not fear the rain.,3
0,896,0,4,9,Forgiveness means letting go of the hope for a better past.,3
0,897,0,5,9,Only those who will risk going too far can possibly find out how far one can go.,3
0,898,0,4,9,I wonder how many people I’ve looked at all my life and never seen.,3
0,899,0,2,10,Most people enjoy some sort of music.,4
0,900,0,3,10,Lazy people usually don’t succeed in life.,4
0,901,0,2,10,A balanced diet is important for maintaining good health.,4
0,902,0,2,10,Human cultures often differ from each other quite a bit.,4
0,903,0,2,10,People often have very bizarre dreams.,4
0,904,0,2,10,Higher rates of unemployment typically follow economic downturns.,4
0,905,0,2,10,Some things have very distinct smells.,4
0,906,0,1,10,Some people have poor taste in clothing.,4
0,907,0,2,10,Children sometimes look a lot like their parents.,4
0,908,0,4,10,"Your teacher can open the door, but you must enter by yourself.",3
0,909,0,4,10,The creative adult is the child who survived. ,3
0,910,0,4,10,"A river cuts through a rock, not because of its power but its persistence.",3
0,911,0,4,10,All endings are also beginnings. We just don't know it at the time.,3
0,912,0,4,10,Art and love are the same thing: It’s the process of seeing yourself in things that are not you.,3
0,913,0,4,10,At the centre of your being you have the answer; you know who you are and you know what you want.,3
0,914,0,4,10,A wet person does not fear the rain.,3
0,915,0,4,10,Forgiveness means letting go of the hope for a better past.,3
0,916,0,4,10,Only those who will risk going too far can possibly find out how far one can go.,3
0,917,0,4,10,I wonder how many people I’ve looked at all my life and never seen.,3
0,918,1,2,1,Most people enjoy some sort of music.,4
0,919,1,3,1,Lazy people usually don’t succeed in life.,4
0,920,1,3,1,A balanced diet is important for maintaining good health.,4
0,921,1,3,1,Human cultures often differ from each other quite a bit.,4
0,922,1,3,1,People often have very bizarre dreams.,4
0,923,1,3,1,Higher rates of unemployment typically follow economic downturns.,4
0,924,1,2,1,Some things have very distinct smells.,4
0,925,1,1,1,Some people have poor taste in clothing.,4
0,926,1,2,1,Children sometimes look a lot like their parents.,4
0,927,1,4,1,"Your teacher can open the door, but you must enter by yourself.",3
0,928,1,4,1,The creative adult is the child who survived. ,3
0,929,1,5,1,"A river cuts through a rock, not because of its power but its persistence.",3
0,930,1,4,1,All endings are also beginnings. We just don't know it at the time.,3
0,931,1,4,1,Art and love are the same thing: It’s the process of seeing yourself in things that are not you.,3
0,932,1,4,1,At the centre of your being you have the answer; you know who you are and you know what you want.,3
0,933,1,4,1,A wet person does not fear the rain.,3
0,934,1,4,1,Forgiveness means letting go of the hope for a better past.,3
0,935,1,5,1,Only those who will risk going too far can possibly find out how far one can go.,3
0,936,1,4,1,I wonder how many people I’ve looked at all my life and never seen.,3
0,937,1,3,2,Most people enjoy some sort of music.,4
0,938,1,3,2,Lazy people usually don’t succeed in life.,4
0,939,1,3,2,A balanced diet is important for maintaining good health.,4
0,940,1,3,2,Human cultures often differ from each other quite a bit.,4
0,941,1,2,2,People often have very bizarre dreams.,4
0,942,1,3,2,Higher rates of unemployment typically follow economic downturns.,4
0,943,1,2,2,Some things have very distinct smells.,4
0,944,1,1,2,Some people have poor taste in clothing.,4
0,945,1,2,2,Children sometimes look a lot like their parents.,4
0,946,1,4,2,"Your teacher can open the door, but you must enter by yourself.",3
0,947,1,4,2,The creative adult is the child who survived. ,3
0,948,1,4,2,"A river cuts through a rock, not because of its power but its persistence.",3
0,949,1,4,2,All endings are also beginnings. We just don't know it at the time.,3
0,950,1,4,2,Art and love are the same thing: It’s the process of seeing yourself in things that are not you.,3
0,951,1,4,2,At the centre of your being you have the answer; you know who you are and you know what you want.,3
0,952,1,4,2,A wet person does not fear the rain.,3
0,953,1,4,2,Forgiveness means letting go of the hope for a better past.,3
0,954,1,4,2,Only those who will risk going too far can possibly find out how far one can go.,3
0,955,1,4,2,I wonder how many people I’ve looked at all my life and never seen.,3
0,956,1,2,3,Most people enjoy some sort of music.,4
0,957,1,3,3,Lazy people usually don’t succeed in life.,4
0,958,1,4,3,A balanced diet is important for maintaining good health.,4
0,959,1,3,3,Human cultures often differ from each other quite a bit.,4
0,960,1,2,3,People often have very bizarre dreams.,4
0,961,1,3,3,Higher rates of unemployment typically follow economic downturns.,4
0,962,1,1,3,Some things have very distinct smells.,4
0,963,1,1,3,Some people have poor taste in clothing.,4
0,964,1,2,3,Children sometimes look a lot like their parents.,4
0,965,1,4,3,"Your teacher can open the door, but you must enter by yourself.",3
0,966,1,4,3,The creative adult is the child who survived. ,3
0,967,1,4,3,"A river cuts through a rock, not because of its power but its persistence.",3
0,968,1,4,3,All endings are also beginnings. We just don't know it at the time.,3
0,969,1,4,3,Art and love are the same thing: It’s the process of seeing yourself in things that are not you.,3
0,970,1,4,3,At the centre of your being you have the answer; you know who you are and you know what you want.,3
0,971,1,4,3,A wet person does not fear the rain.,3
0,972,1,4,3,Forgiveness means letting go of the hope for a better past.,3
0,973,1,4,3,Only those who will risk going too far can possibly find out how far one can go.,3
0,974,1,4,3,I wonder how many people I’ve looked at all my life and never seen.,3
0,975,1,2,4,Most people enjoy some sort of music.,4
0,976,1,3,4,Lazy people usually don’t succeed in life.,4
0,977,1,3,4,A balanced diet is important for maintaining good health.,4
0,978,1,3,4,Human cultures often differ from each other quite a bit.,4
0,979,1,3,4,People often have very bizarre dreams.,4
0,980,1,3,4,Higher rates of unemployment typically follow economic downturns.,4
0,981,1,2,4,Some things have very distinct smells.,4
0,982,1,2,4,Some people have poor taste in clothing.,4
0,983,1,2,4,Children sometimes look a lot like their parents.,4
0,984,1,4,4,"Your teacher can open the door, but you must enter by yourself.",3
0,985,1,4,4,The creative adult is the child who survived. ,3
0,986,1,4,4,"A river cuts through a rock, not because of its power but its persistence.",3
0,987,1,4,4,All endings are also beginnings. We just don't know it at the time.,3
0,988,1,4,4,Art and love are the same thing: It’s the process of seeing yourself in things that are not you.,3
0,989,1,4,4,At the centre of your being you have the answer; you know who you are and you know what you want.,3
0,990,1,4,4,A wet person does not fear the rain.,3
0,991,1,4,4,Forgiveness means letting go of the hope for a better past.,3
0,992,1,4,4,Only those who will risk going too far can possibly find out how far one can go.,3
0,993,1,4,4,I wonder how many people I’ve looked at all my life and never seen.,3
0,994,1,2,5,Most people enjoy some sort of music.,4
0,995,1,2,5,Lazy people usually don’t succeed in life.,4
0,996,1,2,5,A balanced diet is important for maintaining good health.,4
0,997,1,2,5,Human cultures often differ from each other quite a bit.,4
0,998,1,2,5,People often have very bizarre dreams.,4
0,999,1,2,5,Higher rates of unemployment typically follow economic downturns.,4
0,1000,1,1,5,Some things have very distinct smells.,4
0,1001,1,1,5,Some people have poor taste in clothing.,4
0,1002,1,2,5,Children sometimes look a lot like their parents.,4
0,1003,1,4,5,"Your teacher can open the door, but you must enter by yourself.",3
0,1004,1,4,5,The creative adult is the child who survived. ,3
0,1005,1,4,5,"A river cuts through a rock, not because of its power but its persistence.",3
0,1006,1,4,5,All endings are also beginnings. We just don't know it at the time.,3
0,1007,1,4,5,Art and love are the same thing: It’s the process of seeing yourself in things that are not you.,3
0,1008,1,4,5,At the centre of your being you have the answer; you know who you are and you know what you want.,3
0,1009,1,4,5,A wet person does not fear the rain.,3
0,1010,1,4,5,Forgiveness means letting go of the hope for a better past.,3
0,1011,1,4,5,Only those who will risk going too far can possibly find out how far one can go.,3
0,1012,1,4,5,I wonder how many people I’ve looked at all my life and never seen.,3
